cluster_id,image_index,status,cluster_name
0,1684,TODO,
0,2142,TODO,
0,166,TODO,
0,2217,TODO,
0,3438,TODO,
0,3150,TODO,
0,3468,TODO,
0,374,TODO,
0,3130,TODO,
0,3152,TODO,
0,3601,TODO,
0,1529,TODO,
0,2071,TODO,
0,1491,TODO,
0,2912,TODO,
0,1197,TODO,
0,3457,TODO,
0,2250,TODO,
0,804,TODO,
0,1096,TODO,
0,962,TODO,
0,229,TODO,
0,2820,TODO,
0,3537,TODO,
0,2341,TODO,
0,3386,TODO,
0,1893,TODO,
0,982,TODO,
0,54,TODO,
0,3664,TODO,
0,1558,TODO,
0,1234,TODO,
0,3106,TODO,
0,1697,TODO,
0,1038,TODO,
0,2634,TODO,
0,2411,TODO,
0,3555,TODO,
0,3454,TODO,
0,350,TODO,
0,1149,TODO,
0,1922,TODO,
0,2212,TODO,
0,1382,TODO,
0,1530,TODO,
0,1216,TODO,
0,2046,TODO,
0,147,TODO,
0,369,TODO,
0,2638,TODO,
0,493,TODO,
0,2345,TODO,
0,222,TODO,
0,2232,TODO,
0,1165,TODO,
0,3204,TODO,
0,1421,TODO,
0,48,TODO,
0,1389,TODO,
0,2361,TODO,
0,2457,TODO,
0,619,TODO,
0,2973,TODO,
0,881,TODO,
0,1457,TODO,
0,1,TODO,
0,2666,TODO,
0,1873,TODO,
0,973,TODO,
0,885,TODO,
0,2060,TODO,
0,2979,TODO,
0,1291,TODO,
0,3470,TODO,
0,620,TODO,
0,447,TODO,
0,2068,TODO,
0,1442,TODO,
0,1916,TODO,
0,1985,TODO,
0,3084,TODO,
0,547,TODO,
0,1159,TODO,
0,1335,TODO,
0,216,TODO,
0,1745,TODO,
0,3095,TODO,
0,1515,TODO,
0,2289,TODO,
0,393,TODO,
0,2590,TODO,
0,19,TODO,
0,2100,TODO,
0,3422,TODO,
0,1763,TODO,
0,1199,TODO,
0,174,TODO,
0,2932,TODO,
0,1113,TODO,
0,1225,TODO,
0,2222,TODO,
0,1059,TODO,
0,1664,TODO,
0,478,TODO,
0,2426,TODO,
0,2054,TODO,
0,388,TODO,
0,1375,TODO,
0,1434,TODO,
0,2354,TODO,
0,579,TODO,
0,552,TODO,
0,551,TODO,
0,3393,TODO,
0,3088,TODO,
0,2387,TODO,
0,163,TODO,
0,3320,TODO,
0,1073,TODO,
0,797,TODO,
0,3360,TODO,
0,382,TODO,
0,3047,TODO,
0,142,TODO,
0,918,TODO,
0,2988,TODO,
0,812,TODO,
0,2499,TODO,
0,3281,TODO,
0,2191,TODO,
0,1777,TODO,
0,3425,TODO,
0,557,TODO,
0,2923,TODO,
0,2718,TODO,
0,1527,TODO,
0,1069,TODO,
0,1493,TODO,
0,2255,TODO,
0,543,TODO,
0,1953,TODO,
0,2753,TODO,
0,1292,TODO,
0,1581,TODO,
0,561,TODO,
0,2422,TODO,
0,409,TODO,
0,2090,TODO,
0,135,TODO,
0,626,TODO,
0,1810,TODO,
0,2061,TODO,
0,1376,TODO,
0,280,TODO,
0,1362,TODO,
0,2695,TODO,
0,964,TODO,
0,696,TODO,
0,3140,TODO,
0,1501,TODO,
0,1429,TODO,
0,1489,TODO,
0,1445,TODO,
0,1680,TODO,
0,1818,TODO,
0,1203,TODO,
0,2342,TODO,
0,88,TODO,
0,3029,TODO,
0,3554,TODO,
0,3566,TODO,
0,1486,TODO,
0,591,TODO,
0,1511,TODO,
0,107,TODO,
0,679,TODO,
0,2756,TODO,
0,2952,TODO,
0,165,TODO,
0,1588,TODO,
0,849,TODO,
0,686,TODO,
0,1870,TODO,
0,700,TODO,
0,966,TODO,
0,2451,TODO,
0,3201,TODO,
0,2662,TODO,
0,456,TODO,
0,1286,TODO,
0,1469,TODO,
0,3620,TODO,
0,3194,TODO,
0,3642,TODO,
0,3595,TODO,
0,1892,TODO,
0,2350,TODO,
0,279,TODO,
0,3330,TODO,
0,1647,TODO,
0,2293,TODO,
0,3460,TODO,
0,41,TODO,
0,3511,TODO,
0,2103,TODO,
0,1236,TODO,
0,854,TODO,
0,1007,TODO,
0,2111,TODO,
0,2903,TODO,
0,2233,TODO,
0,173,TODO,
0,972,TODO,
0,232,TODO,
0,230,TODO,
0,685,TODO,
0,77,TODO,
0,2783,TODO,
0,2239,TODO,
0,2223,TODO,
0,2270,TODO,
0,2712,TODO,
0,1100,TODO,
0,2026,TODO,
0,2847,TODO,
0,2041,TODO,
0,1077,TODO,
0,1815,TODO,
0,706,TODO,
0,3660,TODO,
0,3639,TODO,
0,2987,TODO,
0,2268,TODO,
0,2089,TODO,
0,1308,TODO,
0,1385,TODO,
0,3400,TODO,
0,73,TODO,
0,3383,TODO,
0,2389,TODO,
0,760,TODO,
0,1999,TODO,
0,2649,TODO,
0,999,TODO,
0,2509,TODO,
0,978,TODO,
0,2007,TODO,
0,1504,TODO,
0,271,TODO,
0,1297,TODO,
0,1455,TODO,
0,1391,TODO,
0,263,TODO,
0,1567,TODO,
0,1752,TODO,
0,85,TODO,
0,2654,TODO,
0,378,TODO,
0,2312,TODO,
0,3295,TODO,
0,1322,TODO,
0,3591,TODO,
0,3040,TODO,
0,3406,TODO,
0,2261,TODO,
0,3255,TODO,
0,2983,TODO,
0,3257,TODO,
0,3450,TODO,
0,1705,TODO,
0,2084,TODO,
0,2405,TODO,
0,1294,TODO,
0,2120,TODO,
0,3010,TODO,
0,1597,TODO,
0,467,TODO,
0,1087,TODO,
0,3612,TODO,
0,954,TODO,
0,3593,TODO,
0,2196,TODO,
0,308,TODO,
0,1807,TODO,
0,3314,TODO,
0,57,TODO,
0,313,TODO,
0,353,TODO,
0,2849,TODO,
0,3633,TODO,
0,1996,TODO,
0,2685,TODO,
0,293,TODO,
0,2657,TODO,
0,874,TODO,
0,76,TODO,
0,3158,TODO,
0,339,TODO,
0,3536,TODO,
0,2826,TODO,
0,1853,TODO,
0,2050,TODO,
0,2055,TODO,
0,2788,TODO,
0,811,TODO,
0,1669,TODO,
0,3622,TODO,
0,3022,TODO,
0,18,TODO,
0,2431,TODO,
0,2664,TODO,
0,1598,TODO,
0,924,TODO,
0,1022,TODO,
0,3175,TODO,
0,1929,TODO,
0,2428,TODO,
0,2479,TODO,
0,915,TODO,
0,2487,TODO,
0,1899,TODO,
0,2208,TODO,
0,1460,TODO,
0,1554,TODO,
1,304,TODO,
1,2093,TODO,
1,737,TODO,
1,1485,TODO,
1,2179,TODO,
1,2767,TODO,
1,868,TODO,
1,108,TODO,
1,361,TODO,
1,3410,TODO,
1,2170,TODO,
1,875,TODO,
1,2031,TODO,
1,2240,TODO,
1,2951,TODO,
1,746,TODO,
1,3659,TODO,
1,3656,TODO,
1,2151,TODO,
1,38,TODO,
1,2919,TODO,
1,977,TODO,
1,1532,TODO,
1,1784,TODO,
1,2349,TODO,
1,475,TODO,
1,3452,TODO,
1,2801,TODO,
1,2098,TODO,
1,2941,TODO,
1,2048,TODO,
1,117,TODO,
1,2092,TODO,
1,2287,TODO,
1,381,TODO,
1,1396,TODO,
1,2472,TODO,
1,2144,TODO,
1,535,TODO,
1,1269,TODO,
1,2129,TODO,
1,835,TODO,
1,1984,TODO,
1,673,TODO,
1,1634,TODO,
1,1095,TODO,
1,1753,TODO,
1,621,TODO,
1,457,TODO,
1,2643,TODO,
1,1786,TODO,
1,2713,TODO,
1,2028,TODO,
1,1361,TODO,
1,385,TODO,
1,1315,TODO,
1,315,TODO,
1,723,TODO,
1,1746,TODO,
1,2097,TODO,
1,2132,TODO,
1,299,TODO,
1,2558,TODO,
1,1514,TODO,
1,570,TODO,
1,2921,TODO,
1,963,TODO,
1,3079,TODO,
1,1707,TODO,
1,1580,TODO,
1,1841,TODO,
1,249,TODO,
1,1817,TODO,
1,1185,TODO,
1,1299,TODO,
1,652,TODO,
1,3453,TODO,
1,1195,TODO,
1,1559,TODO,
1,905,TODO,
1,468,TODO,
1,645,TODO,
1,2805,TODO,
1,785,TODO,
1,1896,TODO,
1,1289,TODO,
1,1971,TODO,
1,51,TODO,
1,141,TODO,
1,3002,TODO,
1,285,TODO,
1,1496,TODO,
1,3459,TODO,
1,40,TODO,
1,3497,TODO,
1,2609,TODO,
1,182,TODO,
1,2706,TODO,
1,390,TODO,
1,1226,TODO,
1,2995,TODO,
1,2086,TODO,
1,386,TODO,
1,2203,TODO,
1,3041,TODO,
1,3025,TODO,
1,2622,TODO,
1,1318,TODO,
1,3381,TODO,
1,536,TODO,
1,635,TODO,
1,65,TODO,
1,1099,TODO,
1,2360,TODO,
1,2102,TODO,
1,2745,TODO,
1,2894,TODO,
1,2806,TODO,
1,2954,TODO,
1,1778,TODO,
1,1834,TODO,
1,157,TODO,
1,1312,TODO,
1,3209,TODO,
1,2566,TODO,
1,1480,TODO,
1,1842,TODO,
1,345,TODO,
1,3392,TODO,
1,2966,TODO,
1,2916,TODO,
1,1615,TODO,
1,2965,TODO,
1,791,TODO,
1,555,TODO,
1,1887,TODO,
1,3265,TODO,
1,324,TODO,
1,2091,TODO,
1,2011,TODO,
1,3564,TODO,
1,3035,TODO,
1,2248,TODO,
1,609,TODO,
1,1516,TODO,
1,2077,TODO,
1,3604,TODO,
1,589,TODO,
1,1731,TODO,
1,564,TODO,
1,2420,TODO,
1,3179,TODO,
1,1326,TODO,
1,1074,TODO,
1,2791,TODO,
1,2176,TODO,
1,2907,TODO,
1,1788,TODO,
1,3147,TODO,
1,2868,TODO,
1,1221,TODO,
1,2958,TODO,
1,1728,TODO,
1,585,TODO,
1,2380,TODO,
1,2782,TODO,
1,344,TODO,
1,2385,TODO,
1,3551,TODO,
1,412,TODO,
1,3502,TODO,
1,3023,TODO,
1,2727,TODO,
1,2194,TODO,
1,3276,TODO,
1,716,TODO,
1,1196,TODO,
1,2296,TODO,
1,1888,TODO,
1,3107,TODO,
1,2251,TODO,
1,786,TODO,
1,569,TODO,
1,2658,TODO,
1,3308,TODO,
1,2864,TODO,
1,199,TODO,
1,180,TODO,
1,1789,TODO,
1,2970,TODO,
1,2053,TODO,
1,1155,TODO,
1,1355,TODO,
1,729,TODO,
1,1803,TODO,
1,303,TODO,
1,204,TODO,
1,52,TODO,
1,801,TODO,
1,655,TODO,
1,2494,TODO,
1,970,TODO,
1,684,TODO,
1,3474,TODO,
1,3590,TODO,
1,2018,TODO,
1,1143,TODO,
1,1666,TODO,
1,2618,TODO,
1,3120,TODO,
1,248,TODO,
1,146,TODO,
1,3668,TODO,
1,1346,TODO,
1,3565,TODO,
1,3447,TODO,
1,2364,TODO,
1,3658,TODO,
1,3544,TODO,
1,164,TODO,
1,1068,TODO,
1,2883,TODO,
1,36,TODO,
1,1369,TODO,
1,1782,TODO,
1,1010,TODO,
1,920,TODO,
1,1402,TODO,
1,1768,TODO,
1,1801,TODO,
1,2334,TODO,
1,3309,TODO,
1,1843,TODO,
1,1377,TODO,
1,950,TODO,
1,2512,TODO,
1,2174,TODO,
1,2575,TODO,
1,3499,TODO,
1,1897,TODO,
1,2810,TODO,
1,2616,TODO,
1,2303,TODO,
1,2324,TODO,
1,2114,TODO,
1,522,TODO,
1,612,TODO,
1,3561,TODO,
1,1119,TODO,
1,2307,TODO,
1,2702,TODO,
1,307,TODO,
1,1200,TODO,
1,499,TODO,
1,413,TODO,
1,3498,TODO,
1,1652,TODO,
1,1101,TODO,
1,1093,TODO,
1,2079,TODO,
1,264,TODO,
1,87,TODO,
1,3449,TODO,
1,1150,TODO,
1,917,TODO,
1,2122,TODO,
1,2514,TODO,
1,2070,TODO,
1,1881,TODO,
1,428,TODO,
1,525,TODO,
1,1341,TODO,
1,3144,TODO,
1,1183,TODO,
1,2498,TODO,
1,1563,TODO,
1,704,TODO,
1,3541,TODO,
1,2252,TODO,
1,1764,TODO,
1,3254,TODO,
1,74,TODO,
1,2434,TODO,
1,3364,TODO,
1,752,TODO,
1,981,TODO,
1,2901,TODO,
1,1852,TODO,
1,462,TODO,
1,1229,TODO,
1,1425,TODO,
1,2548,TODO,
1,2449,TODO,
1,415,TODO,
2,765,TODO,
2,1658,TODO,
2,622,TODO,
2,1714,TODO,
2,2450,TODO,
2,3341,TODO,
2,618,TODO,
2,1715,TODO,
2,2445,TODO,
2,600,TODO,
2,221,TODO,
2,2652,TODO,
2,3038,TODO,
2,2234,TODO,
2,3635,TODO,
2,2185,TODO,
2,872,TODO,
2,726,TODO,
2,1227,TODO,
2,537,TODO,
2,3031,TODO,
2,3200,TODO,
2,1085,TODO,
2,1319,TODO,
2,1629,TODO,
2,3407,TODO,
2,1690,TODO,
2,1578,TODO,
2,2149,TODO,
2,1408,TODO,
2,492,TODO,
2,1976,TODO,
2,1734,TODO,
2,1019,TODO,
2,3250,TODO,
2,1261,TODO,
2,2012,TODO,
2,1540,TODO,
2,2493,TODO,
2,3252,TODO,
2,1988,TODO,
2,2379,TODO,
2,1792,TODO,
2,2198,TODO,
2,1134,TODO,
2,560,TODO,
2,1969,TODO,
2,3069,TODO,
2,698,TODO,
2,887,TODO,
2,3075,TODO,
2,3092,TODO,
2,1031,TODO,
2,2545,TODO,
2,3549,TODO,
2,2184,TODO,
2,3181,TODO,
2,2029,TODO,
2,3448,TODO,
2,939,TODO,
2,865,TODO,
2,2213,TODO,
2,3111,TODO,
2,576,TODO,
2,1364,TODO,
2,2062,TODO,
2,3399,TODO,
2,3430,TODO,
2,1058,TODO,
2,3239,TODO,
2,2633,TODO,
2,2750,TODO,
2,1333,TODO,
2,2869,TODO,
2,2598,TODO,
2,3640,TODO,
2,1467,TODO,
2,3080,TODO,
2,3535,TODO,
2,2798,TODO,
2,830,TODO,
2,3103,TODO,
2,841,TODO,
2,1923,TODO,
2,1816,TODO,
2,474,TODO,
2,1767,TODO,
2,2197,TODO,
2,1966,TODO,
2,289,TODO,
2,3451,TODO,
2,3301,TODO,
2,2865,TODO,
2,1110,TODO,
2,1769,TODO,
2,2454,TODO,
2,469,TODO,
2,2594,TODO,
2,941,TODO,
2,1636,TODO,
2,2722,TODO,
2,817,TODO,
2,2760,TODO,
2,195,TODO,
2,3657,TODO,
2,975,TODO,
2,171,TODO,
2,2412,TODO,
2,286,TODO,
2,2620,TODO,
2,3366,TODO,
2,3584,TODO,
2,1384,TODO,
2,3166,TODO,
2,380,TODO,
2,1138,TODO,
2,1633,TODO,
2,1432,TODO,
2,3362,TODO,
2,2549,TODO,
2,1706,TODO,
2,1282,TODO,
2,3610,TODO,
2,261,TODO,
2,1392,TODO,
2,400,TODO,
2,59,TODO,
2,1061,TODO,
2,3316,TODO,
2,661,TODO,
2,1858,TODO,
2,761,TODO,
2,3409,TODO,
2,83,TODO,
2,2367,TODO,
2,2135,TODO,
2,1462,TODO,
2,3262,TODO,
2,89,TODO,
2,3028,TODO,
2,3402,TODO,
2,1041,TODO,
2,155,TODO,
2,2181,TODO,
2,476,TODO,
2,1920,TODO,
2,1025,TODO,
2,3436,TODO,
2,2588,TODO,
2,491,TODO,
2,3527,TODO,
2,690,TODO,
2,2106,TODO,
2,118,TODO,
2,1015,TODO,
2,2285,TODO,
2,29,TODO,
2,2577,TODO,
2,1303,TODO,
3,301,TODO,
3,319,TODO,
3,1551,TODO,
3,236,TODO,
3,2013,TODO,
3,3300,TODO,
3,1756,TODO,
3,2896,TODO,
3,545,TODO,
3,2992,TODO,
3,210,TODO,
3,1082,TODO,
3,1062,TODO,
3,816,TODO,
3,1383,TODO,
3,2143,TODO,
3,996,TODO,
3,1689,TODO,
3,568,TODO,
3,715,TODO,
3,772,TODO,
3,1194,TODO,
3,365,TODO,
3,3611,TODO,
3,2571,TODO,
3,3357,TODO,
3,2384,TODO,
3,1903,TODO,
3,3528,TODO,
3,1071,TODO,
3,1182,TODO,
3,1590,TODO,
3,55,TODO,
3,1761,TODO,
3,3510,TODO,
3,3343,TODO,
3,1009,TODO,
3,523,TODO,
3,1537,TODO,
3,1418,TODO,
3,1533,TODO,
3,787,TODO,
3,3283,TODO,
3,3625,TODO,
3,1285,TODO,
3,1671,TODO,
3,2744,TODO,
3,1889,TODO,
3,417,TODO,
3,3603,TODO,
3,3418,TODO,
3,46,TODO,
3,3042,TODO,
3,2131,TODO,
3,2327,TODO,
3,1958,TODO,
3,3520,TODO,
3,2398,TODO,
3,3321,TODO,
3,185,TODO,
3,2456,TODO,
3,2886,TODO,
3,2065,TODO,
3,2366,TODO,
3,3164,TODO,
3,502,TODO,
3,1356,TODO,
3,2413,TODO,
3,78,TODO,
3,306,TODO,
3,466,TODO,
3,186,TODO,
3,993,TODO,
3,2173,TODO,
3,1732,TODO,
3,2320,TODO,
3,2442,TODO,
3,2832,TODO,
3,578,TODO,
3,1616,TODO,
3,638,TODO,
3,3304,TODO,
3,2974,TODO,
3,1232,TODO,
3,2984,TODO,
3,3291,TODO,
3,2972,TODO,
3,1367,TODO,
3,2707,TODO,
3,1466,TODO,
3,2775,TODO,
3,2861,TODO,
3,1585,TODO,
3,740,TODO,
3,3353,TODO,
3,431,TODO,
3,789,TODO,
3,1619,TODO,
3,697,TODO,
3,1564,TODO,
3,3432,TODO,
3,2557,TODO,
3,967,TODO,
3,1215,TODO,
3,3160,TODO,
3,2774,TODO,
3,3268,TODO,
3,1354,TODO,
3,3420,TODO,
3,3192,TODO,
3,813,TODO,
3,2357,TODO,
3,2559,TODO,
3,2218,TODO,
3,2137,TODO,
3,391,TODO,
3,1572,TODO,
3,2675,TODO,
3,2742,TODO,
3,2852,TODO,
3,1617,TODO,
3,1534,TODO,
3,2332,TODO,
3,1525,TODO,
3,358,TODO,
3,2692,TODO,
3,3123,TODO,
3,3234,TODO,
3,223,TODO,
3,407,TODO,
3,862,TODO,
3,2831,TODO,
3,513,TODO,
3,208,TODO,
3,3249,TODO,
3,2199,TODO,
3,2550,TODO,
3,2004,TODO,
3,2743,TODO,
3,3599,TODO,
3,3043,TODO,
3,79,TODO,
3,3608,TODO,
3,1885,TODO,
3,1838,TODO,
3,1447,TODO,
3,958,TODO,
3,2427,TODO,
3,2824,TODO,
3,1696,TODO,
3,3222,TODO,
3,883,TODO,
3,3183,TODO,
3,653,TODO,
3,856,TODO,
3,3037,TODO,
3,1055,TODO,
3,2700,TODO,
3,1373,TODO,
3,1857,TODO,
3,2224,TODO,
3,2576,TODO,
3,1212,TODO,
3,3547,TODO,
3,2812,TODO,
3,1172,TODO,
3,1213,TODO,
3,867,TODO,
3,0,TODO,
3,1340,TODO,
3,1571,TODO,
3,1790,TODO,
3,742,TODO,
3,3299,TODO,
3,1934,TODO,
3,3653,TODO,
3,1320,TODO,
3,731,TODO,
3,3221,TODO,
3,2452,TODO,
3,1131,TODO,
3,346,TODO,
3,2521,TODO,
3,2480,TODO,
3,53,TODO,
3,2108,TODO,
3,241,TODO,
3,392,TODO,
3,843,TODO,
3,1755,TODO,
3,2770,TODO,
3,1932,TODO,
3,2630,TODO,
3,1420,TODO,
3,1103,TODO,
3,592,TODO,
3,2123,TODO,
3,3334,TODO,
3,2757,TODO,
3,1688,TODO,
3,1088,TODO,
3,3589,TODO,
3,2648,TODO,
3,2235,TODO,
3,3429,TODO,
3,123,TODO,
3,1230,TODO,
3,3011,TODO,
3,1648,TODO,
3,3243,TODO,
3,2104,TODO,
3,1709,TODO,
3,1543,TODO,
3,217,TODO,
3,3477,TODO,
3,2478,TODO,
3,3306,TODO,
3,1799,TODO,
3,826,TODO,
3,2271,TODO,
3,2569,TODO,
3,1348,TODO,
3,127,TODO,
3,1547,TODO,
3,435,TODO,
3,658,TODO,
3,1978,TODO,
3,2917,TODO,
3,2928,TODO,
3,1173,TODO,
3,3613,TODO,
3,1032,TODO,
3,1944,TODO,
3,2710,TODO,
3,3151,TODO,
3,3382,TODO,
3,689,TODO,
3,2660,TODO,
3,1456,TODO,
3,1700,TODO,
3,1036,TODO,
3,225,TODO,
3,2461,TODO,
3,3211,TODO,
3,2515,TODO,
3,2035,TODO,
3,1342,TODO,
3,1220,TODO,
3,63,TODO,
3,1826,TODO,
3,526,TODO,
3,2073,TODO,
3,2344,TODO,
3,2030,TODO,
3,1974,TODO,
3,2083,TODO,
3,2417,TODO,
3,2291,TODO,
3,514,TODO,
3,2621,TODO,
3,1483,TODO,
3,2773,TODO,
3,584,TODO,
3,1548,TODO,
3,445,TODO,
3,878,TODO,
3,2220,TODO,
3,3110,TODO,
3,1271,TODO,
3,3572,TODO,
3,349,TODO,
3,1245,TODO,
3,1169,TODO,
3,309,TODO,
4,362,TODO,
4,695,TODO,
4,1686,TODO,
4,231,TODO,
4,531,TODO,
4,2855,TODO,
4,197,TODO,
4,2862,TODO,
4,3165,TODO,
4,2406,TODO,
4,3121,TODO,
4,1228,TODO,
4,479,TODO,
4,2128,TODO,
4,2511,TODO,
4,1192,TODO,
4,2701,TODO,
4,2214,TODO,
4,94,TODO,
4,2358,TODO,
4,806,TODO,
4,132,TODO,
4,416,TODO,
4,2006,TODO,
4,1772,TODO,
4,2909,TODO,
4,3469,TODO,
4,3005,TODO,
4,840,TODO,
4,2496,TODO,
4,1631,TODO,
4,927,TODO,
4,644,TODO,
4,2724,TODO,
4,1592,TODO,
4,2400,TODO,
4,2441,TODO,
4,2459,TODO,
4,528,TODO,
4,2653,TODO,
4,2796,TODO,
4,3082,TODO,
4,979,TODO,
4,3056,TODO,
4,1331,TODO,
4,106,TODO,
4,2297,TODO,
4,2490,TODO,
4,810,TODO,
4,1846,TODO,
4,72,TODO,
4,2980,TODO,
4,136,TODO,
4,3515,TODO,
4,356,TODO,
4,1240,TODO,
4,990,TODO,
4,861,TODO,
4,1363,TODO,
4,2752,TODO,
4,3297,TODO,
4,2127,TODO,
4,485,TODO,
4,940,TODO,
4,611,TODO,
4,402,TODO,
4,1943,TODO,
4,1188,TODO,
4,3398,TODO,
4,2748,TODO,
4,2033,TODO,
4,736,TODO,
4,1117,TODO,
4,860,TODO,
4,651,TODO,
4,1836,TODO,
4,2238,TODO,
4,1939,TODO,
4,330,TODO,
4,3652,TODO,
4,2646,TODO,
4,904,TODO,
4,2716,TODO,
4,2311,TODO,
4,675,TODO,
4,2476,TODO,
4,2066,TODO,
4,943,TODO,
4,342,TODO,
4,2524,TODO,
4,2632,TODO,
4,3405,TODO,
4,207,TODO,
4,1272,TODO,
4,1300,TODO,
4,3065,TODO,
4,201,TODO,
4,2058,TODO,
4,1918,TODO,
4,763,TODO,
4,2684,TODO,
4,3126,TODO,
4,1895,TODO,
4,631,TODO,
4,101,TODO,
4,3643,TODO,
4,305,TODO,
4,91,TODO,
4,2231,TODO,
4,3294,TODO,
4,2169,TODO,
4,3358,TODO,
4,396,TODO,
4,705,TODO,
4,2177,TODO,
4,1840,TODO,
4,366,TODO,
4,75,TODO,
4,1748,TODO,
4,2811,TODO,
4,3018,TODO,
4,903,TODO,
4,2815,TODO,
4,2567,TODO,
4,539,TODO,
4,1797,TODO,
4,2870,TODO,
4,234,TODO,
4,838,TODO,
4,1380,TODO,
4,1316,TODO,
4,1821,TODO,
4,34,TODO,
4,2081,TODO,
4,2858,TODO,
4,2299,TODO,
4,3020,TODO,
4,3581,TODO,
4,2386,TODO,
4,2528,TODO,
4,1521,TODO,
4,847,TODO,
4,1251,TODO,
4,3055,TODO,
4,1637,TODO,
4,3213,TODO,
4,571,TODO,
4,1621,TODO,
4,3039,TODO,
4,125,TODO,
4,3347,TODO,
4,408,TODO,
4,2985,TODO,
4,3137,TODO,
4,406,TODO,
4,3627,TODO,
4,1390,TODO,
4,3348,TODO,
4,546,TODO,
4,930,TODO,
4,845,TODO,
4,1645,TODO,
4,3267,TODO,
4,1992,TODO,
4,2365,TODO,
4,1444,TODO,
4,1201,TODO,
4,2295,TODO,
4,2475,TODO,
4,624,TODO,
4,1861,TODO,
4,642,TODO,
4,2443,TODO,
4,880,TODO,
4,1917,TODO,
4,130,TODO,
4,2533,TODO,
4,3492,TODO,
4,3342,TODO,
4,2019,TODO,
4,2281,TODO,
4,1166,TODO,
4,1569,TODO,
4,3062,TODO,
4,2399,TODO,
4,692,TODO,
4,910,TODO,
4,3091,TODO,
4,727,TODO,
4,3115,TODO,
4,1121,TODO,
4,2407,TODO,
4,429,TODO,
4,3579,TODO,
4,1492,TODO,
4,2990,TODO,
4,3109,TODO,
4,3501,TODO,
4,2484,TODO,
4,769,TODO,
4,1687,TODO,
4,3133,TODO,
4,1448,TODO,
4,376,TODO,
4,3638,TODO,
4,900,TODO,
4,1582,TODO,
4,2647,TODO,
4,882,TODO,
4,3569,TODO,
4,2087,TODO,
4,2335,TODO,
4,2733,TODO,
4,1044,TODO,
4,1080,TODO,
4,3411,TODO,
4,795,TODO,
4,277,TODO,
4,949,TODO,
4,1028,TODO,
4,3034,TODO,
4,1440,TODO,
4,2190,TODO,
4,3187,TODO,
4,2873,TODO,
4,617,TODO,
4,2488,TODO,
4,461,TODO,
4,1754,TODO,
4,275,TODO,
4,779,TODO,
4,1273,TODO,
4,312,TODO,
4,2601,TODO,
4,2705,TODO,
4,1603,TODO,
4,814,TODO,
4,3646,TODO,
4,2768,TODO,
4,2275,TODO,
4,1720,TODO,
4,3241,TODO,
4,2779,TODO,
4,2555,TODO,
4,2836,TODO,
4,2140,TODO,
4,507,TODO,
4,3073,TODO,
4,2789,TODO,
4,11,TODO,
4,2986,TODO,
4,774,TODO,
4,876,TODO,
4,2112,TODO,
4,2884,TODO,
4,1413,TODO,
4,1928,TODO,
4,373,TODO,
4,424,TODO,
4,2309,TODO,
4,1605,TODO,
4,926,TODO,
4,3587,TODO,
4,3224,TODO,
4,2546,TODO,
4,334,TODO,
4,2356,TODO,
4,2330,TODO,
4,1751,TODO,
4,3198,TODO,
4,2329,TODO,
4,3052,TODO,
4,647,TODO,
4,1089,TODO,
4,1307,TODO,
4,708,TODO,
4,1998,TODO,
4,183,TODO,
4,270,TODO,
4,273,TODO,
4,455,TODO,
4,1223,TODO,
4,2337,TODO,
4,595,TODO,
4,1458,TODO,
4,3439,TODO,
4,446,TODO,
4,233,TODO,
4,518,TODO,
4,894,TODO,
4,2997,TODO,
4,2017,TODO,
4,1541,TODO,
4,3637,TODO,
4,3143,TODO,
4,3369,TODO,
4,2200,TODO,
4,2749,TODO,
4,2439,TODO,
4,1317,TODO,
4,1075,TODO,
4,1730,TODO,
4,2039,TODO,
4,1243,TODO,
4,98,TODO,
4,3225,TODO,
4,3119,TODO,
4,1091,TODO,
4,122,TODO,
4,3340,TODO,
5,481,TODO,
5,586,TODO,
5,1468,TODO,
5,3223,TODO,
5,623,TODO,
5,196,TODO,
5,3076,TODO,
5,818,TODO,
5,2036,TODO,
5,2204,TODO,
5,1724,TODO,
5,2904,TODO,
5,627,TODO,
5,1894,TODO,
5,61,TODO,
5,1479,TODO,
5,112,TODO,
5,49,TODO,
5,1760,TODO,
5,2581,TODO,
5,2850,TODO,
5,224,TODO,
5,2402,TODO,
5,733,TODO,
5,921,TODO,
5,745,TODO,
5,1719,TODO,
5,3617,TODO,
5,2419,TODO,
5,162,TODO,
5,2486,TODO,
5,488,TODO,
5,227,TODO,
5,1079,TODO,
5,2187,TODO,
5,562,TODO,
5,907,TODO,
5,3570,TODO,
5,753,TODO,
5,2343,TODO,
5,3163,TODO,
5,1217,TODO,
5,2771,TODO,
5,2063,TODO,
5,1942,TODO,
5,1168,TODO,
5,1270,TODO,
5,3269,TODO,
5,2593,TODO,
5,2301,TODO,
5,3435,TODO,
5,93,TODO,
5,3074,TODO,
5,1708,TODO,
5,2676,TODO,
5,1876,TODO,
5,3412,TODO,
5,3282,TODO,
5,495,TODO,
5,2473,TODO,
5,1259,TODO,
5,2597,TODO,
5,1519,TODO,
5,1538,TODO,
5,363,TODO,
5,2846,TODO,
5,3580,TODO,
5,1351,TODO,
5,2373,TODO,
5,384,TODO,
5,515,TODO,
5,2042,TODO,
5,3305,TODO,
5,2976,TODO,
5,1474,TODO,
5,430,TODO,
5,1003,TODO,
5,3473,TODO,
5,1014,TODO,
5,2319,TODO,
5,590,TODO,
5,1186,TODO,
5,505,TODO,
5,1550,TODO,
5,848,TODO,
5,1473,TODO,
5,1133,TODO,
5,2474,TODO,
5,411,TODO,
5,2015,TODO,
5,80,TODO,
5,1306,TODO,
5,103,TODO,
5,39,TODO,
5,1962,TODO,
5,2504,TODO,
5,3155,TODO,
5,640,TODO,
5,2720,TODO,
5,1054,TODO,
5,871,TODO,
5,3105,TODO,
5,777,TODO,
5,490,TODO,
5,2708,TODO,
5,50,TODO,
5,657,TODO,
5,1703,TODO,
5,3548,TODO,
5,3372,TODO,
5,3573,TODO,
5,2045,TODO,
5,2853,TODO,
5,3279,TODO,
5,1549,TODO,
5,1293,TODO,
5,2418,TODO,
5,2758,TODO,
5,238,TODO,
5,3261,TODO,
5,3122,TODO,
5,2614,TODO,
5,750,TODO,
5,3344,TODO,
5,3602,TODO,
5,296,TODO,
5,28,TODO,
5,3442,TODO,
5,2704,TODO,
5,3021,TODO,
5,1158,TODO,
5,1403,TODO,
5,2624,TODO,
5,2138,TODO,
5,1381,TODO,
5,632,TODO,
5,3655,TODO,
5,167,TODO,
5,822,TODO,
5,1463,TODO,
5,3475,TODO,
5,1439,TODO,
5,1049,TODO,
5,2338,TODO,
6,3199,TODO,
6,3287,TODO,
6,2150,TODO,
6,1204,TODO,
6,2875,TODO,
6,3326,TODO,
6,821,TODO,
6,1070,TODO,
6,3003,TODO,
6,3424,TODO,
6,2410,TODO,
6,3546,TODO,
6,113,TODO,
6,3522,TODO,
6,1606,TODO,
6,1698,TODO,
6,2686,TODO,
6,663,TODO,
6,3325,TODO,
6,3154,TODO,
6,1545,TODO,
6,646,TODO,
6,3146,TODO,
6,1644,TODO,
6,1428,TODO,
6,1309,TODO,
6,694,TODO,
6,1252,TODO,
6,3229,TODO,
6,3609,TODO,
6,1712,TODO,
6,1819,TODO,
6,603,TODO,
6,2517,TODO,
6,3495,TODO,
6,2793,TODO,
6,2655,TODO,
6,2333,TODO,
6,2762,TODO,
6,2690,TODO,
6,1695,TODO,
6,1774,TODO,
6,3124,TODO,
6,2580,TODO,
6,1094,TODO,
6,372,TODO,
6,3233,TODO,
6,1866,TODO,
6,3388,TODO,
6,1112,TODO,
6,1437,TODO,
6,3238,TODO,
6,1702,TODO,
6,691,TODO,
6,3361,TODO,
6,3273,TODO,
6,2913,TODO,
6,1321,TODO,
6,3428,TODO,
6,3258,TODO,
6,2572,TODO,
6,1482,TODO,
6,3359,TODO,
6,453,TODO,
6,1914,TODO,
6,2640,TODO,
6,2573,TODO,
6,1678,TODO,
6,260,TODO,
6,1813,TODO,
6,1076,TODO,
6,898,TODO,
6,3481,TODO,
6,953,TODO,
6,992,TODO,
6,1214,TODO,
6,3048,TODO,
6,720,TODO,
6,1379,TODO,
6,1850,TODO,
6,2207,TODO,
6,683,TODO,
6,2674,TODO,
6,1653,TODO,
6,3232,TODO,
6,1175,TODO,
6,916,TODO,
6,2157,TODO,
6,2470,TODO,
6,1993,TODO,
6,540,TODO,
6,397,TODO,
6,959,TODO,
6,2280,TODO,
6,1139,TODO,
6,2183,TODO,
6,1336,TODO,
6,2423,TODO,
6,2670,TODO,
6,1145,TODO,
6,2761,TODO,
6,2922,TODO,
6,2844,TODO,
6,3098,TODO,
6,2738,TODO,
6,2892,TODO,
6,1152,TODO,
6,1847,TODO,
6,58,TODO,
6,574,TODO,
6,1510,TODO,
6,1092,TODO,
6,3403,TODO,
6,3051,TODO,
6,244,TODO,
6,1352,TODO,
6,32,TODO,
6,336,TODO,
6,110,TODO,
6,2625,TODO,
6,354,TODO,
6,1222,TODO,
6,212,TODO,
6,1279,TODO,
6,203,TODO,
6,394,TODO,
6,2258,TODO,
6,2975,TODO,
6,2139,TODO,
6,1725,TODO,
6,2003,TODO,
6,1098,TODO,
6,3666,TODO,
6,3159,TODO,
6,3292,TODO,
6,2715,TODO,
6,2628,TODO,
6,2863,TODO,
6,3379,TODO,
6,2027,TODO,
6,2991,TODO,
6,2162,TODO,
6,1900,TODO,
6,1546,TODO,
6,3240,TODO,
6,3491,TODO,
6,2956,TODO,
6,1931,TODO,
6,389,TODO,
6,1124,TODO,
6,2095,TODO,
6,2595,TODO,
6,2202,TODO,
6,707,TODO,
6,3288,TODO,
6,1000,TODO,
6,1553,TODO,
6,2076,TODO,
6,687,TODO,
6,2219,TODO,
6,2999,TODO,
6,3061,TODO,
6,1115,TODO,
6,328,TODO,
6,3504,TODO,
6,3184,TODO,
6,839,TODO,
6,17,TODO,
6,1358,TODO,
6,2290,TODO,
6,2148,TODO,
6,2164,TODO,
6,359,TODO,
6,1126,TODO,
6,1925,TODO,
6,712,TODO,
6,3060,TODO,
6,946,TODO,
6,2799,TODO,
6,477,TODO,
6,803,TODO,
6,2180,TODO,
6,1198,TODO,
6,3148,TODO,
6,368,TODO,
6,281,TODO,
6,2529,TODO,
6,1167,TODO,
6,451,TODO,
6,2034,TODO,
6,2895,TODO,
6,3024,TODO,
6,2266,TODO,
6,1955,TODO,
6,1959,TODO,
6,3216,TODO,
6,1417,TODO,
6,1334,TODO,
6,294,TODO,
6,3264,TODO,
6,1639,TODO,
6,3190,TODO,
6,1723,TODO,
6,1450,TODO,
6,2205,TODO,
6,2440,TODO,
6,1604,TODO,
6,2596,TODO,
6,2860,TODO,
6,1153,TODO,
6,2211,TODO,
6,148,TODO,
6,1717,TODO,
6,321,TODO,
6,2278,TODO,
6,1739,TODO,
6,559,TODO,
6,1503,TODO,
6,3141,TODO,
6,2737,TODO,
6,2500,TODO,
6,282,TODO,
6,542,TODO,
6,2568,TODO,
6,1945,TODO,
6,3443,TODO,
6,659,TODO,
6,1051,TODO,
6,3387,TODO,
6,1915,TODO,
6,214,TODO,
6,343,TODO,
6,3101,TODO,
6,418,TODO,
6,2460,TODO,
7,3621,TODO,
7,3132,TODO,
7,2292,TODO,
7,3008,TODO,
7,436,TODO,
7,2851,TODO,
7,1179,TODO,
7,1180,TODO,
7,955,TODO,
7,437,TODO,
7,3378,TODO,
7,1642,TODO,
7,2032,TODO,
7,553,TODO,
7,2790,TODO,
7,1193,TODO,
7,3284,TODO,
7,530,TODO,
7,1140,TODO,
7,3624,TODO,
7,1950,TODO,
7,1284,TODO,
7,2215,TODO,
7,460,TODO,
7,3592,TODO,
7,2522,TODO,
7,3354,TODO,
7,202,TODO,
7,1965,TODO,
7,433,TODO,
7,2503,TODO,
7,2000,TODO,
7,3417,TODO,
7,2644,TODO,
7,1160,TODO,
7,566,TODO,
7,643,TODO,
7,3662,TODO,
7,2286,TODO,
7,1926,TODO,
7,717,TODO,
7,3526,TODO,
7,2024,TODO,
7,2201,TODO,
7,616,TODO,
7,1427,TODO,
7,2563,TODO,
7,2117,TODO,
7,529,TODO,
7,1477,TODO,
7,2950,TODO,
7,2605,TODO,
7,870,TODO,
7,863,TODO,
7,3176,TODO,
7,2282,TODO,
7,3066,TODO,
7,780,TODO,
7,2574,TODO,
7,1255,TODO,
7,637,TODO,
7,3614,TODO,
7,3015,TODO,
7,735,TODO,
7,90,TODO,
7,1202,TODO,
7,703,TODO,
7,1837,TODO,
7,3319,TODO,
7,3489,TODO,
7,1008,TODO,
7,1011,TODO,
7,211,TODO,
7,1528,TODO,
7,1779,TODO,
7,1274,TODO,
7,1176,TODO,
7,1235,TODO,
7,2375,TODO,
7,1495,TODO,
7,3113,TODO,
7,2390,TODO,
7,3001,TODO,
7,1405,TODO,
7,341,TODO,
7,2430,TODO,
7,757,TODO,
7,2717,TODO,
7,2328,TODO,
7,3266,TODO,
7,3385,TODO,
7,1575,TODO,
7,2893,TODO,
7,1699,TODO,
7,2382,TODO,
7,2160,TODO,
7,2415,TODO,
7,3651,TODO,
7,1328,TODO,
7,961,TODO,
7,3108,TODO,
7,357,TODO,
7,1994,TODO,
7,1672,TODO,
7,3030,TODO,
7,1394,TODO,
7,2819,TODO,
7,519,TODO,
7,1132,TODO,
7,2540,TODO,
7,629,TODO,
7,1246,TODO,
7,1814,TODO,
7,2828,TODO,
7,2424,TODO,
7,2631,TODO,
7,2808,TODO,
7,1254,TODO,
7,670,TODO,
7,3578,TODO,
7,2300,TODO,
7,1981,TODO,
7,581,TODO,
7,827,TODO,
7,1625,TODO,
7,189,TODO,
7,3070,TODO,
7,3563,TODO,
7,1975,TODO,
7,1281,TODO,
7,2471,TODO,
7,743,TODO,
7,2392,TODO,
7,3669,TODO,
7,423,TODO,
7,69,TODO,
7,3210,TODO,
7,2482,TODO,
7,1339,TODO,
7,3650,TODO,
7,3631,TODO,
7,991,TODO,
7,3053,TODO,
7,3089,TODO,
7,332,TODO,
7,2822,TODO,
7,1877,TODO,
7,3363,TODO,
7,2230,TODO,
7,1957,TODO,
7,20,TODO,
7,2538,TODO,
7,1924,TODO,
7,1886,TODO,
7,2629,TODO,
7,1357,TODO,
7,606,TODO,
7,1148,TODO,
7,2195,TODO,
7,351,TODO,
7,1244,TODO,
7,1947,TODO,
7,3271,TODO,
7,1691,TODO,
7,100,TODO,
7,3131,TODO,
7,2088,TODO,
7,22,TODO,
7,371,TODO,
7,3373,TODO,
7,541,TODO,
7,800,TODO,
7,1410,TODO,
7,1610,TODO,
7,852,TODO,
7,2818,TODO,
7,1118,TODO,
7,2244,TODO,
7,2510,TODO,
7,660,TODO,
7,1449,TODO,
7,134,TODO,
7,911,TODO,
7,2687,TODO,
7,3529,TODO,
7,4,TODO,
7,1612,TODO,
7,2370,TODO,
7,3513,TODO,
7,2765,TODO,
7,798,TODO,
7,931,TODO,
7,181,TODO,
7,3413,TODO,
7,556,TODO,
7,2813,TODO,
7,1327,TODO,
7,175,TODO,
7,2689,TODO,
7,137,TODO,
7,775,TODO,
7,2785,TODO,
7,1735,TODO,
7,2959,TODO,
7,1979,TODO,
7,2971,TODO,
7,3226,TODO,
7,1368,TODO,
7,2968,TODO,
7,3278,TODO,
7,31,TODO,
7,1806,TODO,
7,718,TODO,
7,3376,TODO,
7,2,TODO,
7,2714,TODO,
7,95,TODO,
7,1141,TODO,
7,3396,TODO,
7,3218,TODO,
7,179,TODO,
7,1218,TODO,
7,3550,TODO,
7,2363,TODO,
7,450,TODO,
7,2437,TODO,
7,3458,TODO,
7,116,TODO,
7,893,TODO,
7,580,TODO,
7,3586,TODO,
7,2955,TODO,
7,105,TODO,
7,2804,TODO,
7,414,TODO,
7,2374,TODO,
7,3027,TODO,
7,2561,TODO,
7,3615,TODO,
7,2964,TODO,
7,3337,TODO,
7,3377,TODO,
7,220,TODO,
7,1811,TODO,
7,2842,TODO,
7,3367,TODO,
7,2978,TODO,
7,3440,TODO,
7,2388,TODO,
7,1823,TODO,
7,3248,TODO,
7,2617,TODO,
7,855,TODO,
7,454,TODO,
7,2910,TODO,
7,2882,TODO,
7,1828,TODO,
7,956,TODO,
7,3483,TODO,
7,3230,TODO,
7,2172,TODO,
7,3219,TODO,
7,575,TODO,
7,2610,TODO,
7,159,TODO,
7,857,TODO,
7,473,TODO,
7,1727,TODO,
7,572,TODO,
7,3476,TODO,
7,26,TODO,
7,1006,TODO,
7,1144,TODO,
7,1509,TODO,
7,3553,TODO,
7,3205,TODO,
7,3543,TODO,
7,3139,TODO,
7,3619,TODO,
7,3503,TODO,
7,2681,TODO,
7,891,TODO,
7,2780,TODO,
7,215,TODO,
7,3626,TODO,
7,850,TODO,
7,1241,TODO,
7,3525,TODO,
7,272,TODO,
7,2483,TODO,
7,1526,TODO,
7,3421,TODO,
7,367,TODO,
7,2321,TODO,
7,2759,TODO,
7,2603,TODO,
7,1835,TODO,
7,2830,TODO,
7,1864,TODO,
7,1716,TODO,
7,1693,TODO,
7,483,TODO,
7,188,TODO,
7,3087,TODO,
7,3019,TODO,
7,2739,TODO,
7,3552,TODO,
7,1744,TODO,
7,2318,TODO,
7,605,TODO,
7,27,TODO,
7,1208,TODO,
7,1935,TODO,
7,2020,TODO,
7,2914,TODO,
7,802,TODO,
7,886,TODO,
7,1872,TODO,
7,1871,TODO,
7,1423,TODO,
7,2016,TODO,
7,1674,TODO,
7,2589,TODO,
8,2505,TODO,
8,2926,TODO,
8,432,TODO,
8,607,TODO,
8,1869,TODO,
8,3588,TODO,
8,3644,TODO,
8,2489,TODO,
8,3117,TODO,
8,3558,TODO,
8,2243,TODO,
8,3275,TODO,
8,2612,TODO,
8,1573,TODO,
8,3465,TODO,
8,66,TODO,
8,1451,TODO,
8,1443,TODO,
8,129,TODO,
8,434,TODO,
8,1638,TODO,
8,3085,TODO,
8,1946,TODO,
8,318,TODO,
8,1177,TODO,
8,3215,TODO,
8,3186,TODO,
8,1081,TODO,
8,114,TODO,
8,448,TODO,
8,192,TODO,
8,3208,TODO,
8,3180,TODO,
8,1640,TODO,
8,2736,TODO,
8,1565,TODO,
8,1400,TODO,
8,1665,TODO,
8,3270,TODO,
8,2925,TODO,
8,3560,TODO,
8,3585,TODO,
8,1397,TODO,
8,2867,TODO,
8,1668,TODO,
8,1161,TODO,
8,2735,TODO,
8,615,TODO,
8,2125,TODO,
8,1649,TODO,
8,1796,TODO,
8,2002,TODO,
8,463,TODO,
8,503,TODO,
8,452,TODO,
8,1135,TODO,
8,2359,TODO,
8,790,TODO,
8,43,TODO,
8,1980,TODO,
8,1657,TODO,
8,3374,TODO,
8,2109,TODO,
8,170,TODO,
8,1780,TODO,
8,628,TODO,
8,15,TODO,
8,3654,TODO,
8,2794,TODO,
8,2977,TODO,
8,778,TODO,
8,3518,TODO,
8,3534,TODO,
8,1360,TODO,
8,2078,TODO,
8,1839,TODO,
8,3500,TODO,
8,3118,TODO,
8,1718,TODO,
8,2317,TODO,
8,1090,TODO,
8,512,TODO,
8,1137,TODO,
8,2010,TODO,
8,1630,TODO,
8,593,TODO,
8,751,TODO,
8,1781,TODO,
8,597,TODO,
8,3597,TODO,
8,2537,TODO,
8,1388,TODO,
8,3044,TODO,
8,1805,TODO,
8,2391,TODO,
8,3033,TODO,
8,960,TODO,
8,1416,TODO,
8,1990,TODO,
8,1651,TODO,
8,1125,TODO,
8,121,TODO,
8,809,TODO,
8,1948,TODO,
8,1660,TODO,
8,1883,TODO,
8,3114,TODO,
8,1435,TODO,
8,680,TODO,
8,3490,TODO,
8,819,TODO,
8,2436,TODO,
8,398,TODO,
8,2556,TODO,
8,2508,TODO,
8,3217,TODO,
8,284,TODO,
8,2477,TODO,
8,1250,TODO,
8,833,TODO,
8,2841,TODO,
8,2908,TODO,
8,1820,TODO,
8,1365,TODO,
8,3380,TODO,
8,2481,TODO,
8,1060,TODO,
8,60,TODO,
8,3007,TODO,
8,934,TODO,
8,310,TODO,
8,674,TODO,
8,1475,TODO,
8,1497,TODO,
8,2047,TODO,
8,3244,TODO,
8,1233,TODO,
8,1743,TODO,
8,3046,TODO,
8,2346,TODO,
8,2336,TODO,
8,1844,TODO,
8,3285,TODO,
8,1862,TODO,
8,3505,TODO,
8,158,TODO,
8,1488,TODO,
8,1206,TODO,
8,3521,TODO,
8,126,TODO,
8,3161,TODO,
8,2085,TODO,
8,3472,TODO,
8,1562,TODO,
8,758,TODO,
8,2130,TODO,
8,2936,TODO,
8,648,TODO,
8,771,TODO,
8,2613,TODO,
8,3128,TODO,
8,3212,TODO,
8,2331,TODO,
8,3013,TODO,
8,131,TODO,
8,3125,TODO,
8,2253,TODO,
8,1804,TODO,
8,1378,TODO,
8,2404,TODO,
8,441,TODO,
8,2877,TODO,
8,3149,TODO,
8,1295,TODO,
8,1452,TODO,
8,1771,TODO,
8,45,TODO,
8,969,TODO,
8,1793,TODO,
8,1791,TODO,
8,2468,TODO,
8,3538,TODO,
8,1171,TODO,
8,3532,TODO,
8,3206,TODO,
8,799,TODO,
8,2641,TODO,
8,1618,TODO,
8,565,TODO,
8,2989,TODO,
8,266,TODO,
8,1595,TODO,
8,3545,TODO,
8,3542,TODO,
8,1114,TODO,
8,1026,TODO,
8,240,TODO,
8,2944,TODO,
8,3203,TODO,
8,3441,TODO,
8,1424,TODO,
8,3408,TODO,
8,3329,TODO,
8,2890,TODO,
8,1933,TODO,
8,937,TODO,
8,3026,TODO,
8,1433,TODO,
8,3426,TODO,
8,1386,TODO,
8,3461,TODO,
8,3057,TODO,
8,140,TODO,
8,422,TODO,
8,1608,TODO,
8,1911,TODO,
8,587,TODO,
8,1374,TODO,
8,335,TODO,
8,1037,TODO,
8,3478,TODO,
8,2551,TODO,
8,3189,TODO,
8,599,TODO,
8,3102,TODO,
8,2947,TODO,
8,1498,TODO,
8,128,TODO,
8,1710,TODO,
8,3345,TODO,
8,1536,TODO,
8,2021,TODO,
8,1142,TODO,
8,2469,TODO,
8,1750,TODO,
8,84,TODO,
8,1399,TODO,
8,2769,TODO,
8,3445,TODO,
8,1464,TODO,
8,2587,TODO,
8,484,TODO,
8,998,TODO,
8,2876,TODO,
8,1345,TODO,
8,237,TODO,
8,92,TODO,
8,3471,TODO,
8,2859,TODO,
8,3237,TODO,
8,1757,TODO,
8,1436,TODO,
8,2703,TODO,
8,3479,TODO,
8,2147,TODO,
8,2216,TODO,
8,1016,TODO,
8,534,TODO,
8,184,TODO,
8,2697,TODO,
8,2520,TODO,
8,1021,TODO,
8,360,TODO,
8,2227,TODO,
8,3455,TODO,
8,714,TODO,
8,3423,TODO,
8,2918,TODO,
9,1122,TODO,
9,1518,TODO,
9,2937,TODO,
9,914,TODO,
9,1275,TODO,
9,426,TODO,
9,3629,TODO,
9,2525,TODO,
9,3097,TODO,
9,1641,TODO,
9,784,TODO,
9,133,TODO,
9,2259,TODO,
9,538,TODO,
9,846,TODO,
9,2949,TODO,
9,2927,TODO,
9,320,TODO,
9,86,TODO,
9,2221,TODO,
9,364,TODO,
9,1905,TODO,
9,3289,TODO,
9,2014,TODO,
9,1643,TODO,
9,1878,TODO,
9,144,TODO,
9,776,TODO,
9,614,TODO,
9,3583,TODO,
9,1347,TODO,
9,3036,TODO,
9,1694,TODO,
9,1190,TODO,
9,2254,TODO,
9,2146,TODO,
9,3630,TODO,
9,902,TODO,
9,193,TODO,
9,1310,TODO,
9,2210,TODO,
9,2969,TODO,
9,298,TODO,
9,198,TODO,
9,1120,TODO,
9,3487,TODO,
9,2834,TODO,
9,2817,TODO,
9,1601,TODO,
9,2777,TODO,
9,3645,TODO,
9,1675,TODO,
9,2158,TODO,
9,1064,TODO,
9,889,TODO,
9,1017,TODO,
9,1502,TODO,
9,1053,TODO,
9,1860,TODO,
9,1311,TODO,
9,2879,TODO,
9,1048,TODO,
9,1967,TODO,
9,3235,TODO,
9,2326,TODO,
9,206,TODO,
9,1151,TODO,
9,3462,TODO,
9,2827,TODO,
9,625,TODO,
9,2534,TODO,
9,138,TODO,
9,3153,TODO,
10,1332,TODO,
10,2885,TODO,
10,2915,TODO,
10,2723,TODO,
10,2604,TODO,
10,3641,TODO,
10,5,TODO,
10,1415,TODO,
10,265,TODO,
10,610,TODO,
10,3242,TODO,
10,1770,TODO,
10,3463,TODO,
10,1505,TODO,
10,2730,TODO,
10,3171,TODO,
10,3136,TODO,
10,1733,TODO,
10,2582,TODO,
10,788,TODO,
10,3404,TODO,
10,1613,TODO,
10,1084,TODO,
10,2001,TODO,
10,1107,TODO,
10,160,TODO,
10,1264,TODO,
10,262,TODO,
10,664,TODO,
10,3390,TODO,
10,3485,TODO,
10,1260,TODO,
10,2721,TODO,
10,3391,TODO,
10,2396,TODO,
10,3094,TODO,
10,1507,TODO,
10,268,TODO,
10,2432,TODO,
10,1831,TODO,
10,1067,TODO,
10,2294,TODO,
10,2094,TODO,
10,2495,TODO,
10,2942,TODO,
10,1906,TODO,
10,497,TODO,
10,1305,TODO,
10,1736,TODO,
10,3081,TODO,
10,2829,TODO,
10,815,TODO,
10,2931,TODO,
10,3185,TODO,
10,2072,TODO,
10,489,TODO,
10,2040,TODO,
10,119,TODO,
10,1913,TODO,
10,1795,TODO,
10,2265,TODO,
10,2348,TODO,
10,2165,TODO,
10,2746,TODO,
10,3480,TODO,
10,2539,TODO,
10,1584,TODO,
10,1426,TODO,
10,2953,TODO,
10,2059,TODO,
10,1224,TODO,
10,1742,TODO,
10,980,TODO,
10,3311,TODO,
10,588,TODO,
10,1970,TODO,
10,348,TODO,
10,2189,TODO,
10,1977,TODO,
10,985,TODO,
10,2967,TODO,
10,1972,TODO,
10,3663,TODO,
10,1506,TODO,
10,2502,TODO,
10,749,TODO,
10,3444,TODO,
10,1758,TODO,
10,755,TODO,
10,1875,TODO,
10,1276,TODO,
10,1174,TODO,
10,2429,TODO,
10,3575,TODO,
10,3099,TODO,
10,2274,TODO,
10,2262,TODO,
10,243,TODO,
10,901,TODO,
10,1845,TODO,
10,2421,TODO,
10,2694,TODO,
10,2939,TODO,
10,699,TODO,
10,191,TODO,
10,1596,TODO,
10,2453,TODO,
10,2786,TODO,
10,1512,TODO,
10,1856,TODO,
10,1711,TODO,
10,70,TODO,
10,1809,TODO,
10,291,TODO,
10,1283,TODO,
10,2924,TODO,
10,3157,TODO,
10,3182,TODO,
10,2383,TODO,
10,1960,TODO,
10,1622,TODO,
10,1626,TODO,
10,877,TODO,
10,3514,TODO,
10,3349,TODO,
10,1655,TODO,
10,2656,TODO,
10,1910,TODO,
10,3049,TODO,
10,156,TODO,
10,2543,TODO,
10,792,TODO,
10,1930,TODO,
10,739,TODO,
10,1902,TODO,
10,494,TODO,
10,449,TODO,
10,2535,TODO,
10,42,TODO,
10,2193,TODO,
10,3524,TODO,
10,583,TODO,
10,1901,TODO,
10,768,TODO,
10,2154,TODO,
10,952,TODO,
10,3253,TODO,
10,3618,TODO,
10,805,TODO,
10,2797,TODO,
10,2526,TODO,
10,1577,TODO,
10,2982,TODO,
10,2247,TODO,
10,377,TODO,
10,2241,TODO,
10,2121,TODO,
10,383,TODO,
10,1343,TODO,
10,443,TODO,
10,2627,TODO,
10,666,TODO,
10,2080,TODO,
10,2192,TODO,
10,3310,TODO,
10,582,TODO,
10,2668,TODO,
10,2523,TODO,
10,3077,TODO,
10,913,TODO,
10,563,TODO,
10,1952,TODO,
10,2709,TODO,
10,2583,TODO,
10,2368,TODO,
10,3127,TODO,
10,951,TODO,
10,3506,TODO,
10,1556,TODO,
10,2809,TODO,
10,782,TODO,
10,608,TODO,
11,1868,TODO,
11,1005,TODO,
11,1738,TODO,
11,2353,TODO,
11,1951,TODO,
11,2584,TODO,
11,3191,TODO,
11,242,TODO,
11,3494,TODO,
11,2269,TODO,
11,3577,TODO,
11,1587,TODO,
11,1594,TODO,
11,2889,TODO,
11,2283,TODO,
11,3389,TODO,
11,3142,TODO,
11,317,TODO,
11,2544,TODO,
11,1863,TODO,
11,1350,TODO,
11,2781,TODO,
11,3559,TODO,
11,1370,TODO,
11,139,TODO,
11,267,TODO,
11,2159,TODO,
11,1359,TODO,
11,1937,TODO,
11,2807,TODO,
11,1406,TODO,
11,831,TODO,
11,2105,TODO,
11,3006,TODO,
11,30,TODO,
11,509,TODO,
11,3059,TODO,
11,3193,TODO,
11,1337,TODO,
11,35,TODO,
11,1024,TODO,
11,1438,TODO,
11,550,TODO,
11,1106,TODO,
11,421,TODO,
11,2005,TODO,
11,2661,TODO,
11,1280,TODO,
11,971,TODO,
11,2599,TODO,
11,2747,TODO,
11,379,TODO,
11,2635,TODO,
11,724,TODO,
11,573,TODO,
11,873,TODO,
11,1773,TODO,
11,2899,TODO,
11,2650,TODO,
11,3397,TODO,
11,1882,TODO,
11,1982,TODO,
11,837,TODO,
11,989,TODO,
11,682,TODO,
11,1393,TODO,
11,3496,TODO,
11,1287,TODO,
11,1056,TODO,
11,945,TODO,
11,948,TODO,
11,3667,TODO,
11,2403,TODO,
11,3351,TODO,
11,2585,TODO,
11,124,TODO,
11,2900,TODO,
11,3433,TODO,
11,2118,TODO,
11,3371,TODO,
11,613,TODO,
11,2943,TODO,
11,2395,TODO,
11,487,TODO,
11,2663,TODO,
11,259,TODO,
11,3623,TODO,
11,1030,TODO,
11,676,TODO,
11,3509,TODO,
11,3576,TODO,
11,554,TODO,
11,2152,TODO,
11,1461,TODO,
11,1033,TODO,
11,2840,TODO,
11,2313,TODO,
11,274,TODO,
11,2206,TODO,
11,1129,TODO,
11,2671,TODO,
11,3327,TODO,
11,3104,TODO,
11,2408,TODO,
11,226,TODO,
11,3531,TODO,
11,3607,TODO,
11,14,TODO,
11,1349,TODO,
11,1409,TODO,
11,1239,TODO,
11,2679,TODO,
11,1961,TODO,
11,3227,TODO,
11,1620,TODO,
11,2825,TODO,
11,425,TODO,
11,3083,TODO,
11,794,TODO,
11,974,TODO,
11,1656,TODO,
11,2902,TODO,
11,2082,TODO,
11,896,TODO,
11,177,TODO,
11,1646,TODO,
11,1187,TODO,
11,2772,TODO,
11,527,TODO,
11,340,TODO,
11,2729,TODO,
11,2866,TODO,
11,1667,TODO,
11,257,TODO,
11,2133,TODO,
11,598,TODO,
11,2242,TODO,
11,987,TODO,
11,533,TODO,
11,3135,TODO,
11,1692,TODO,
11,1566,TODO,
11,1296,TODO,
11,2957,TODO,
11,2257,TODO,
11,1263,TODO,
11,3339,TODO,
11,1181,TODO,
11,1759,TODO,
11,1609,TODO,
11,2302,TODO,
11,3384,TODO,
11,1987,TODO,
11,1242,TODO,
11,2263,TODO,
11,3256,TODO,
11,2178,TODO,
11,56,TODO,
11,3162,TODO,
11,2485,TODO,
11,2228,TODO,
11,1787,TODO,
11,2699,TODO,
11,732,TODO,
11,2038,TODO,
11,936,TODO,
11,444,TODO,
11,2728,TODO,
11,3315,TODO,
11,1499,TODO,
11,2465,TODO,
11,480,TODO,
11,669,TODO,
11,2136,TODO,
11,783,TODO,
11,290,TODO,
11,2037,TODO,
11,143,TODO,
11,62,TODO,
11,2260,TODO,
11,3174,TODO,
11,908,TODO,
11,1034,TODO,
11,1043,TODO,
11,1109,TODO,
11,1395,TODO,
11,2409,TODO,
11,2553,TODO,
11,2911,TODO,
11,1078,TODO,
11,3260,TODO,
11,1576,TODO,
11,1614,TODO,
11,3557,TODO,
11,2245,TODO,
11,2355,TODO,
11,3571,TODO,
11,352,TODO,
11,3567,TODO,
11,2369,TODO,
11,2726,TODO,
11,762,TODO,
11,2444,TODO,
11,2787,TODO,
11,944,TODO,
11,1446,TODO,
11,3054,TODO,
11,2645,TODO,
11,630,TODO,
11,730,TODO,
11,2009,TODO,
11,405,TODO,
11,2051,TODO,
11,1524,TODO,
11,641,TODO,
11,2167,TODO,
11,1454,TODO,
11,442,TODO,
11,2816,TODO,
11,2397,TODO,
11,2376,TODO,
11,1997,TODO,
11,2075,TODO,
11,2935,TODO,
11,3600,TODO,
11,1288,TODO,
11,1513,TODO,
11,1290,TODO,
11,1713,TODO,
11,2316,TODO,
11,1267,TODO,
11,2272,TODO,
11,1324,TODO,
11,2821,TODO,
11,1940,TODO,
11,1851,TODO,
11,1023,TODO,
11,1046,TODO,
11,1968,TODO,
11,3064,TODO,
11,3156,TODO,
11,853,TODO,
11,2527,TODO,
11,3090,TODO,
11,3466,TODO,
11,1884,TODO,
11,3016,TODO,
11,2835,TODO,
11,1338,TODO,
11,2642,TODO,
11,3086,TODO,
11,1685,TODO,
11,3582,TODO,
11,347,TODO,
11,2839,TODO,
11,2672,TODO,
11,3632,TODO,
11,2776,TODO,
11,1004,TODO,
11,1661,TODO,
11,2305,TODO,
11,1154,TODO,
11,1205,TODO,
11,1574,TODO,
11,2237,TODO,
11,410,TODO,
11,1102,TODO,
11,1927,TODO,
11,650,TODO,
11,604,TODO,
11,2536,TODO,
12,711,TODO,
12,102,TODO,
12,2153,TODO,
12,3486,TODO,
12,1156,TODO,
12,3014,TODO,
12,3032,TODO,
12,834,TODO,
12,548,TODO,
12,2740,TODO,
12,2226,TODO,
12,1722,TODO,
12,2945,TODO,
12,1833,TODO,
12,919,TODO,
12,567,TODO,
12,326,TODO,
12,3437,TODO,
12,2673,TODO,
12,2920,TODO,
12,2996,TODO,
12,439,TODO,
12,1277,TODO,
12,3178,TODO,
12,2067,TODO,
12,3336,TODO,
12,1938,TODO,
12,1904,TODO,
12,2455,TODO,
12,2741,TODO,
12,884,TODO,
12,1329,TODO,
12,793,TODO,
12,2639,TODO,
12,1602,TODO,
12,2371,TODO,
12,3416,TODO,
12,662,TODO,
12,1066,TODO,
12,250,TODO,
12,1785,TODO,
12,516,TODO,
12,2963,TODO,
12,252,TODO,
12,3096,TODO,
12,1912,TODO,
12,1854,TODO,
12,2492,TODO,
12,1237,TODO,
12,1766,TODO,
12,1568,TODO,
12,3228,TODO,
12,665,TODO,
12,3293,TODO,
12,1956,TODO,
12,2246,TODO,
12,3332,TODO,
12,1808,TODO,
12,25,TODO,
12,1673,TODO,
12,2008,TODO,
12,869,TODO,
12,2669,TODO,
12,2930,TODO,
12,1191,TODO,
12,3665,TODO,
12,2698,TODO,
12,3434,TODO,
12,1097,TODO,
12,3649,TODO,
12,311,TODO,
12,1412,TODO,
12,3318,TODO,
12,2611,TODO,
12,796,TODO,
12,2352,TODO,
12,2516,TODO,
12,3177,TODO,
12,2119,TODO,
12,2802,TODO,
12,1523,TODO,
12,2845,TODO,
12,1494,TODO,
12,99,TODO,
12,994,TODO,
12,1662,TODO,
12,2115,TODO,
12,1599,TODO,
12,2448,TODO,
12,1035,TODO,
12,254,TODO,
12,1949,TODO,
12,3263,TODO,
12,1628,TODO,
12,508,TODO,
12,2683,TODO,
12,3058,TODO,
12,3355,TODO,
12,2871,TODO,
12,13,TODO,
12,2113,TODO,
12,825,TODO,
12,2378,TODO,
12,438,TODO,
12,3112,TODO,
12,2161,TODO,
12,1561,TODO,
12,1859,TODO,
12,269,TODO,
12,3415,TODO,
12,747,TODO,
12,2124,TODO,
12,1535,TODO,
12,2691,TODO,
12,2393,TODO,
12,1737,TODO,
12,1954,TODO,
12,2225,TODO,
12,1775,TODO,
12,710,TODO,
12,1762,TODO,
12,2579,TODO,
12,1635,TODO,
12,2586,TODO,
12,3333,TODO,
12,16,TODO,
12,2898,TODO,
12,470,TODO,
12,67,TODO,
12,288,TODO,
12,678,TODO,
12,3616,TODO,
12,1265,TODO,
12,1407,TODO,
12,1262,TODO,
12,23,TODO,
12,2606,TODO,
12,2554,TODO,
12,1531,TODO,
12,2182,TODO,
12,947,TODO,
12,1170,TODO,
12,890,TODO,
12,654,TODO,
12,3488,TODO,
12,672,TODO,
12,1552,TODO,
12,1298,TODO,
12,3129,TODO,
12,329,TODO,
12,1301,TODO,
12,1130,TODO,
12,766,TODO,
12,1591,TODO,
12,2946,TODO,
12,2933,TODO,
12,1909,TODO,
12,3322,TODO,
12,2209,TODO,
12,3419,TODO,
12,709,TODO,
12,427,TODO,
12,1147,TODO,
12,1029,TODO,
12,1827,TODO,
12,928,TODO,
12,2843,TODO,
12,24,TODO,
12,1726,TODO,
12,1879,TODO,
12,2998,TODO,
12,2467,TODO,
12,2464,TODO,
12,1560,TODO,
12,178,TODO,
12,302,TODO,
12,2814,TODO,
12,3636,TODO,
12,3214,TODO,
12,151,TODO,
12,2592,TODO,
12,677,TODO,
12,3370,TODO,
12,2854,TODO,
12,744,TODO,
12,1995,TODO,
12,1127,TODO,
12,3556,TODO,
12,1258,TODO,
12,942,TODO,
12,1829,TODO,
12,1042,TODO,
12,3274,TODO,
12,1164,TODO,
12,3045,TODO,
12,2578,TODO,
12,1481,TODO,
12,1057,TODO,
12,247,TODO,
12,3017,TODO,
12,2711,TODO,
12,3207,TODO,
12,2023,TODO,
12,957,TODO,
12,287,TODO,
12,2416,TODO,
12,1039,TODO,
12,3368,TODO,
12,9,TODO,
12,1721,TODO,
12,3395,TODO,
12,2530,TODO,
12,2433,TODO,
12,3202,TODO,
12,3236,TODO,
12,47,TODO,
12,2175,TODO,
12,2276,TODO,
12,2872,TODO,
12,2277,TODO,
12,235,TODO,
12,2562,TODO,
12,3072,TODO,
12,1266,TODO,
12,3539,TODO,
13,1623,TODO,
13,1401,TODO,
13,2856,TODO,
13,781,TODO,
13,1484,TODO,
13,888,TODO,
13,1108,TODO,
13,3517,TODO,
13,1794,TODO,
13,2372,TODO,
13,149,TODO,
13,2249,TODO,
13,2116,TODO,
13,3197,TODO,
13,292,TODO,
13,152,TODO,
13,1047,TODO,
13,120,TODO,
13,1453,TODO,
13,2447,TODO,
13,3196,TODO,
13,2339,TODO,
13,239,TODO,
13,3507,TODO,
13,501,TODO,
13,1219,TODO,
13,2229,TODO,
13,3188,TODO,
13,1800,TODO,
14,596,TODO,
14,2126,TODO,
14,3251,TODO,
14,1941,TODO,
14,2600,TODO,
14,169,TODO,
14,544,TODO,
14,3427,TODO,
14,1898,TODO,
14,1065,TODO,
14,1542,TODO,
14,1325,TODO,
14,524,TODO,
14,3350,TODO,
14,506,TODO,
14,1650,TODO,
14,1867,TODO,
14,3446,TODO,
14,1936,TODO,
14,3508,TODO,
14,3134,TODO,
14,401,TODO,
14,2881,TODO,
14,688,TODO,
14,375,TODO,
14,3648,TODO,
14,1822,TODO,
14,12,TODO,
14,1676,TODO,
14,2615,TODO,
14,1231,TODO,
14,316,TODO,
14,1659,TODO,
14,517,TODO,
14,2734,TODO,
14,767,TODO,
14,419,TODO,
14,1210,TODO,
14,2938,TODO,
14,1323,TODO,
14,2751,TODO,
14,748,TODO,
14,2463,TODO,
14,1372,TODO,
14,1211,TODO,
14,246,TODO,
14,10,TODO,
14,2696,TODO,
14,3290,TODO,
14,150,TODO,
14,2069,TODO,
14,3562,TODO,
14,1783,TODO,
14,3568,TODO,
14,2906,TODO,
14,899,TODO,
14,3312,TODO,
14,1555,TODO,
14,2659,TODO,
14,1157,TODO,
14,1465,TODO,
14,2025,TODO,
14,824,TODO,
14,2560,TODO,
14,842,TODO,
14,300,TODO,
14,2626,TODO,
14,2680,TODO,
14,209,TODO,
14,1304,TODO,
14,459,TODO,
14,251,TODO,
14,145,TODO,
14,1654,TODO,
14,2446,TODO,
14,2414,TODO,
14,722,TODO,
14,1611,TODO,
14,1045,TODO,
14,808,TODO,
14,3063,TODO,
14,71,TODO,
14,3307,TODO,
14,471,TODO,
14,3168,TODO,
14,1544,TODO,
14,2394,TODO,
14,1366,TODO,
14,558,TODO,
14,2096,TODO,
14,387,TODO,
14,701,TODO,
14,2314,TODO,
14,2156,TODO,
14,3338,TODO,
14,3071,TODO,
14,2186,TODO,
14,671,TODO,
14,2188,TODO,
14,1257,TODO,
14,909,TODO,
14,1986,TODO,
14,228,TODO,
14,3516,TODO,
14,1256,TODO,
14,2792,TODO,
14,1520,TODO,
14,923,TODO,
14,3220,TODO,
14,702,TODO,
14,2541,TODO,
14,2171,TODO,
14,2623,TODO,
14,1880,TODO,
14,3259,TODO,
14,2962,TODO,
14,219,TODO,
14,245,TODO,
14,1411,TODO,
14,2438,TODO,
14,2141,TODO,
14,420,TODO,
14,938,TODO,
14,1624,TODO,
14,866,TODO,
14,2351,TODO,
14,3,TODO,
14,1632,TODO,
14,754,TODO,
14,844,TODO,
14,984,TODO,
14,2591,TODO,
14,1476,TODO,
14,154,TODO,
14,3414,TODO,
14,1314,TODO,
14,2994,TODO,
14,1874,TODO,
14,3302,TODO,
14,82,TODO,
14,1973,TODO,
14,3328,TODO,
14,2552,TODO,
14,756,TODO,
14,403,TODO,
14,2168,TODO,
15,636,TODO,
15,370,TODO,
15,482,TODO,
15,3138,TODO,
15,64,TODO,
15,338,TODO,
15,2101,TODO,
15,1387,TODO,
15,1313,TODO,
15,858,TODO,
15,892,TODO,
15,3352,TODO,
15,770,TODO,
15,2688,TODO,
15,932,TODO,
15,1104,TODO,
15,2043,TODO,
15,1681,TODO,
15,997,TODO,
15,929,TODO,
15,1002,TODO,
15,2905,TODO,
15,2155,TODO,
15,168,TODO,
15,500,TODO,
15,2570,TODO,
15,3331,TODO,
15,327,TODO,
15,2833,TODO,
15,440,TODO,
15,3365,TODO,
15,3286,TODO,
15,3594,TODO,
15,3231,TODO,
15,1207,TODO,
15,2298,TODO,
15,2763,TODO,
15,3356,TODO,
15,2803,TODO,
15,2325,TODO,
15,1162,TODO,
15,187,TODO,
15,693,TODO,
15,2507,TODO,
15,820,TODO,
15,2304,TODO,
15,3247,TODO,
15,935,TODO,
15,2310,TODO,
15,2288,TODO,
15,2166,TODO,
15,2340,TODO,
15,1123,TODO,
15,3482,TODO,
15,7,TODO,
15,337,TODO,
15,1989,TODO,
15,1146,TODO,
15,3628,TODO,
15,968,TODO,
15,1682,TODO,
15,719,TODO,
15,1431,TODO,
15,2107,TODO,
15,1907,TODO,
15,510,TODO,
15,3298,TODO,
15,1832,TODO,
15,465,TODO,
15,2519,TODO,
15,6,TODO,
15,1508,TODO,
15,8,TODO,
15,1247,TODO,
15,1679,TODO,
15,1128,TODO,
15,1600,TODO,
15,172,TODO,
15,3323,TODO,
15,3523,TODO,
15,1268,TODO,
15,256,TODO,
15,2874,TODO,
15,2163,TODO,
15,656,TODO,
15,295,TODO,
15,1238,TODO,
15,21,TODO,
15,2725,TODO,
15,3346,TODO,
15,1018,TODO,
15,1849,TODO,
15,1741,TODO,
15,3335,TODO,
15,2778,TODO,
15,96,TODO,
15,1012,TODO,
15,2236,TODO,
15,1830,TODO,
15,1330,TODO,
15,2284,TODO,
15,2823,TODO,
15,1586,TODO,
15,521,TODO,
15,81,TODO,
15,3375,TODO,
15,511,TODO,
15,111,TODO,
15,1471,TODO,
15,851,TODO,
15,1459,TODO,
15,395,TODO,
15,2532,TODO,
15,2981,TODO,
15,1557,TODO,
15,2800,TODO,
15,278,TODO,
15,2857,TODO,
15,1812,TODO,
15,323,TODO,
15,1765,TODO,
15,2667,TODO,
15,1116,TODO,
15,1490,TODO,
15,3195,TODO,
15,2547,TODO,
15,1517,TODO,
15,734,TODO,
15,2838,TODO,
15,194,TODO,
15,2491,TODO,
15,2044,TODO,
15,205,TODO,
15,3296,TODO,
15,2381,TODO,
15,713,TODO,
15,2064,TODO,
15,1371,TODO,
15,2755,TODO,
15,399,TODO,
15,773,TODO,
15,3068,TODO,
15,1865,TODO,
15,258,TODO,
15,2497,TODO,
15,649,TODO,
15,2347,TODO,
15,1825,TODO,
15,1422,TODO,
16,633,TODO,
16,3530,TODO,
16,759,TODO,
16,2513,TODO,
16,2099,TODO,
16,634,TODO,
16,2052,TODO,
16,2637,TODO,
16,504,TODO,
16,520,TODO,
16,1921,TODO,
16,404,TODO,
16,464,TODO,
16,3245,TODO,
16,1163,TODO,
16,879,TODO,
16,2267,TODO,
16,1249,TODO,
16,2795,TODO,
16,2564,TODO,
16,3598,TODO,
16,3324,TODO,
16,1040,TODO,
16,3596,TODO,
16,2542,TODO,
16,3116,TODO,
16,3145,TODO,
16,532,TODO,
16,1472,TODO,
16,2466,TODO,
16,2619,TODO,
16,2074,TODO,
16,2425,TODO,
16,161,TODO,
16,1419,TODO,
16,3012,TODO,
16,297,TODO,
16,1001,TODO,
16,1701,TODO,
16,602,TODO,
16,2665,TODO,
16,1487,TODO,
16,2677,TODO,
16,1539,TODO,
16,1111,TODO,
16,728,TODO,
16,1013,TODO,
16,667,TODO,
16,2049,TODO,
16,1020,TODO,
16,2145,TODO,
16,912,TODO,
16,1593,TODO,
16,864,TODO,
16,1052,TODO,
16,2256,TODO,
16,109,TODO,
16,1848,TODO,
16,2022,TODO,
16,823,TODO,
16,322,TODO,
16,3540,TODO,
16,3078,TODO,
16,741,TODO,
16,895,TODO,
16,983,TODO,
16,1747,TODO,
16,3661,TODO,
16,3246,TODO,
16,2273,TODO,
16,2960,TODO,
16,2891,TODO,
16,3167,TODO,
16,2934,TODO,
16,2993,TODO,
16,37,TODO,
16,458,TODO,
16,2764,TODO,
16,498,TODO,
16,2719,TODO,
16,3484,TODO,
16,1749,TODO,
16,1919,TODO,
16,3605,TODO,
16,2961,TODO,
16,283,TODO,
16,738,TODO,
16,639,TODO,
16,2377,TODO,
16,668,TODO,
16,2308,TODO,
16,355,TODO,
16,933,TODO,
16,1404,TODO,
16,2608,TODO,
16,3512,TODO,
16,1184,TODO,
16,2731,TODO,
16,3169,TODO,
16,3431,TODO,
16,176,TODO,
16,1063,TODO,
16,68,TODO,
16,965,TODO,
16,1522,TODO,
16,2323,TODO,
16,115,TODO,
16,925,TODO,
16,1663,TODO,
16,1670,TODO,
16,2134,TODO,
16,1740,TODO,
16,314,TODO,
16,2322,TODO,
16,1027,TODO,
16,1963,TODO,
16,988,TODO,
17,1500,TODO,
17,2057,TODO,
17,3533,TODO,
17,3317,TODO,
17,1729,TODO,
17,200,TODO,
17,1627,TODO,
17,764,TODO,
17,33,TODO,
17,3634,TODO,
17,213,TODO,
17,577,TODO,
17,3173,TODO,
17,1353,TODO,
17,2458,TODO,
17,3100,TODO,
17,2878,TODO,
17,1086,TODO,
18,2607,TODO,
18,897,TODO,
18,721,TODO,
18,2518,TODO,
18,2636,TODO,
18,218,TODO,
18,2784,TODO,
18,2837,TODO,
18,3606,TODO,
18,2678,TODO,
18,97,TODO,
18,3172,TODO,
18,1209,TODO,
18,104,TODO,
18,1964,TODO,
18,3009,TODO,
18,1414,TODO,
18,2056,TODO,
18,472,TODO,
18,3272,TODO,
18,1798,TODO,
18,486,TODO,
18,190,TODO,
18,496,TODO,
18,1983,TODO,
18,1890,TODO,
18,1278,TODO,
18,1891,TODO,
18,2401,TODO,
18,255,TODO,
18,333,TODO,
18,3170,TODO,
18,2888,TODO,
18,2306,TODO,
18,1908,TODO,
18,2897,TODO,
18,906,TODO,
18,2602,TODO,
18,1398,TODO,
18,1441,TODO,
18,3574,TODO,
18,1802,TODO,
18,3493,TODO,
18,1072,TODO,
18,1344,TODO,
18,922,TODO,
18,3647,TODO,
18,2565,TODO,
18,2766,TODO,
18,725,TODO,
18,2929,TODO,
18,594,TODO,
18,2651,TODO,
18,995,TODO,
18,3067,TODO,
18,1607,TODO,
18,1683,TODO,
18,828,TODO,
18,1704,TODO,
18,2462,TODO,
18,2264,TODO,
18,2848,TODO,
18,1430,TODO,
18,1253,TODO,
18,3050,TODO,
18,3401,TODO,
18,44,TODO,
18,276,TODO,
18,832,TODO,
18,1583,TODO,
18,1589,TODO,
18,1302,TODO,
18,976,TODO,
18,2531,TODO,
18,3280,TODO,
18,1570,TODO,
18,325,TODO,
18,2732,TODO,
18,3303,TODO,
18,3464,TODO,
18,253,TODO,
18,2880,TODO,
18,2315,TODO,
18,1855,TODO,
18,1248,TODO,
18,1776,TODO,
18,2693,TODO,
19,681,TODO,
19,3000,TODO,
19,1991,TODO,
19,807,TODO,
19,3467,TODO,
19,2948,TODO,
19,2110,TODO,
19,2501,TODO,
19,2506,TODO,
19,829,TODO,
19,1136,TODO,
19,2682,TODO,
19,1083,TODO,
19,2362,TODO,
19,2887,TODO,
19,3519,TODO,
19,3456,TODO,
19,1105,TODO,
19,1677,TODO,
19,3093,TODO,
19,601,TODO,
19,2940,TODO,
19,1478,TODO,
19,3004,TODO,
19,3394,TODO,
19,3277,TODO,
19,2754,TODO,
19,1189,TODO,
19,1824,TODO,
19,549,TODO,
19,986,TODO,
19,1050,TODO,
19,331,TODO,
19,1470,TODO,
19,3313,TODO,
19,153,TODO,
19,1178,TODO,
19,2435,TODO,
19,836,TODO,
19,1579,TODO,
19,859,TODO,
19,2279,TODO,
